{"cameraMode":{"drawMode":0,"name":"Shaded","section":"Shading Mode"},"sceneLighting":false,"audioPlay":false,"sceneViewState":{"m_AlwaysRefresh":false,"showFog":true,"showSkybox":false,"showFlares":true,"showImageEffects":true,"showParticleSystems":true,"showVisualEffectGraphs":true,"m_FxEnabled":true},"in2DMode":false,"pivot":{"x":0.6174026727676392,"y":0.28445759415626528,"z":-1.125368595123291},"rotation":{"x":0.2986651659011841,"y":0.010015963576734066,"z":-0.003133817110210657,"w":0.9543055891990662},"size":0.9862775802612305,"orthographic":false}